CREATE TABLE student (
                         sid varchar(10),
                         sname varchar(10),
                         sbirth datetime,
                         sgender char(1)
) ENGINE = myisam CHARSET = utf8;

INSERT INTO student
VALUES ('01', '赵雷', '1990-01-01', '男'),
       ('02', '钱枫', '1990-12-21', '男'),
       ('03', '孙思邈', '1990-12-16', '男'),
       ('04', '李四', '1990-12-06', '男'),
       ('05', '周梅', '1991-12-01', '女'),
       ('06', '吴兰', '1992-01-01', '女'),
       ('07', '郑珠', '1989-01-01', '女'),
       ('09', '张三', '2017-12-20', '女'),
       ('10', '李四', '2017-12-16', '女'),
       ('11', '李四', '2012-06-06', '女'),
       ('12', '赵雷', '2013-06-13', '男'),
       ('13', '孙琦', '2014-06-01', '女');

CREATE TABLE course (
                        cid varchar(10),
                        cname varchar(10),
                        tid varchar(10)
) ENGINE = myisam CHARSET = utf8;

INSERT INTO course
VALUES ('01', '语文', '02'),
       ('02', '数学', '01'),
       ('03', '英语', '03'),
       ('04', '政治', '04');

CREATE TABLE teacher (
                         tid varchar(10),
                         tname varchar(10)
) ENGINE = myisam CHARSET = utf8;

INSERT INTO teacher
VALUES ('01', '张衡'),
       ('02', '李文'),
       ('03', '吴迪'),
       ('04', '王珊');

CREATE TABLE grade (
                       sid varchar(10),
                       cid varchar(10),
                       score decimal(4, 1)
) ENGINE = myisam CHARSET = utf8;

INSERT INTO grade
VALUES ('01', '01', 80),
       ('01', '02', 90),
       ('02', '01', 70),
       ('02', '02', 60),
       ('02', '03', 80),
       ('02', '04', 85),
       ('03', '01', 80),
       ('03', '02', 80),
       ('03', '03', 80),
       ('03', '04', 61),
       ('04', '01', 75),
       ('04', '02', 30),
       ('04', '03', 20),
       ('04', '04', 45),
       ('05', '01', 76),
       ('05', '02', 87),
       ('05', '03', 99),
       ('05', '04', 75),
       ('06', '01', 31),
       ('06', '02', 65),
       ('06', '03', 34),
       ('07', '02', 89),
       ('07', '03', 98),
       ('09', '02', 82),
       ('10', '01', 88),
       ('10', '02', 90),
       ('13', '01', 59),
       ('13', '02', 79),
       ('13', '04', 81);